patient_id,point_estimate,lower_80,upper_80,interval_width_80,lower_90,upper_90,interval_width_90
test-patient-0027,0.67502785,0.2641399623394013,1.085915732240677,0.8217757699012757,-0.2135400027036667,1.5635956972837448,1.7771356999874115
test-patient-0047,0.712095,0.3012071372509003,1.122982907152176,0.8217757699012757,-0.17647282779216766,1.6006628721952438,1.7771356999874115
test-patient-0013,0.011314495,-0.3995733904153108,0.42220237948596473,0.8217757699012755,-0.8772533554583788,0.8998823445290327,1.7771356999874115
test-patient-0041,0.9993224,0.5884345294475556,1.4102102993488312,0.8217757699012757,0.11075456440448761,1.887890264391899,1.7771356999874115
test-patient-0004,0.12888068,-0.2820072053432464,0.5397685645580291,0.8217757699012755,-0.7596871703863144,1.017448529601097,1.7771356999874115
test-patient-0037,0.0889214,-0.32196648702621455,0.499809282875061,0.8217757699012755,-0.7996464520692825,0.977489247918129,1.7771356999874115
test-patient-0003,0.3452846,-0.06560327396392818,0.7561724959373474,0.8217757699012755,-0.5432832390069962,1.2338524609804153,1.7771356999874115
test-patient-0044,0.72821534,0.3173274518489838,1.1391032217502595,0.8217757699012757,-0.16035251319408417,1.6167831867933273,1.7771356999874115
test-patient-0015,0.0117678875,-0.3991199974402785,0.42265577246099706,0.8217757699012755,-0.8767999624833465,0.900335737504065,1.7771356999874115
test-patient-0017,0.90923315,0.49834526791572575,1.3201210378170014,0.8217757699012757,0.020665302872657776,1.7978010028600693,1.7771356999874115
