patient_id,week_start,hmm_state
test-patient-0000,2026-05-30,1
test-patient-0000,2026-06-06,0
test-patient-0000,2026-06-13,1
test-patient-0000,2026-06-20,0
test-patient-0000,2026-06-27,1
test-patient-0000,2026-07-04,0
test-patient-0000,2026-07-11,1
test-patient-0000,2026-07-18,0
test-patient-0000,2026-07-25,1
test-patient-0000,2026-08-01,0
test-patient-0000,2026-08-08,1
test-patient-0000,2026-08-15,0
test-patient-0001,2026-05-30,1
test-patient-0001,2026-06-06,0
test-patient-0001,2026-06-13,1
test-patient-0001,2026-06-20,0
test-patient-0001,2026-06-27,1
test-patient-0001,2026-07-04,0
test-patient-0001,2026-07-11,1
test-patient-0001,2026-07-18,0
test-patient-0001,2026-07-25,1
test-patient-0001,2026-08-01,0
test-patient-0001,2026-08-08,1
test-patient-0001,2026-08-15,0
test-patient-0002,2026-05-30,1
test-patient-0002,2026-06-06,0
test-patient-0002,2026-06-13,1
test-patient-0002,2026-06-20,0
test-patient-0002,2026-06-27,1
test-patient-0002,2026-07-04,0
test-patient-0002,2026-07-11,1
test-patient-0002,2026-07-18,0
test-patient-0002,2026-07-25,1
test-patient-0002,2026-08-01,0
test-patient-0002,2026-08-08,1
test-patient-0002,2026-08-15,0
test-patient-0003,2026-05-30,1
test-patient-0003,2026-06-06,0
test-patient-0003,2026-06-13,1
test-patient-0003,2026-06-20,0
test-patient-0003,2026-06-27,1
test-patient-0003,2026-07-04,0
test-patient-0003,2026-07-11,1
test-patient-0003,2026-07-18,0
test-patient-0003,2026-07-25,1
test-patient-0003,2026-08-01,0
test-patient-0003,2026-08-08,1
test-patient-0003,2026-08-15,0
test-patient-0004,2026-05-30,1
test-patient-0004,2026-06-06,0
test-patient-0004,2026-06-13,1
test-patient-0004,2026-06-20,0
test-patient-0004,2026-06-27,1
test-patient-0004,2026-07-04,0
test-patient-0004,2026-07-11,1
test-patient-0004,2026-07-18,0
test-patient-0004,2026-07-25,1
test-patient-0004,2026-08-01,0
test-patient-0004,2026-08-08,1
test-patient-0004,2026-08-15,0
test-patient-0005,2026-05-30,1
test-patient-0005,2026-06-06,0
test-patient-0005,2026-06-13,1
test-patient-0005,2026-06-20,2
test-patient-0005,2026-06-27,0
test-patient-0005,2026-07-04,1
test-patient-0005,2026-07-11,0
test-patient-0005,2026-07-18,1
test-patient-0005,2026-07-25,0
test-patient-0005,2026-08-01,1
test-patient-0005,2026-08-08,0
test-patient-0005,2026-08-15,1
test-patient-0006,2026-05-30,1
test-patient-0006,2026-06-06,0
test-patient-0006,2026-06-13,1
test-patient-0006,2026-06-20,2
test-patient-0006,2026-06-27,0
test-patient-0006,2026-07-04,1
test-patient-0006,2026-07-11,0
test-patient-0006,2026-07-18,1
test-patient-0006,2026-07-25,0
test-patient-0006,2026-08-01,1
test-patient-0006,2026-08-08,0
test-patient-0006,2026-08-15,1
test-patient-0007,2026-05-30,1
test-patient-0007,2026-06-06,0
test-patient-0007,2026-06-13,1
test-patient-0007,2026-06-20,0
test-patient-0007,2026-06-27,1
test-patient-0007,2026-07-04,0
test-patient-0007,2026-07-11,1
test-patient-0007,2026-07-18,0
test-patient-0007,2026-07-25,1
test-patient-0007,2026-08-01,0
test-patient-0007,2026-08-08,1
test-patient-0007,2026-08-15,0
test-patient-0008,2026-06-01,1
test-patient-0008,2026-06-08,0
test-patient-0008,2026-06-15,1
test-patient-0008,2026-06-22,0
test-patient-0008,2026-06-29,1
test-patient-0008,2026-07-06,0
test-patient-0008,2026-07-13,1
test-patient-0008,2026-07-20,2
test-patient-0008,2026-07-27,0
test-patient-0008,2026-08-03,1
test-patient-0008,2026-08-10,0
test-patient-0008,2026-08-17,1
test-patient-0009,2026-05-30,1
test-patient-0009,2026-06-06,0
test-patient-0009,2026-06-13,1
test-patient-0009,2026-06-20,0
test-patient-0009,2026-06-27,1
test-patient-0009,2026-07-04,0
test-patient-0009,2026-07-11,1
test-patient-0009,2026-07-18,0
test-patient-0009,2026-07-25,1
test-patient-0009,2026-08-01,0
test-patient-0009,2026-08-08,1
test-patient-0009,2026-08-15,0
test-patient-0010,2026-05-30,1
test-patient-0010,2026-06-06,0
test-patient-0010,2026-06-13,1
test-patient-0010,2026-06-20,0
test-patient-0010,2026-06-27,1
test-patient-0010,2026-07-04,0
test-patient-0010,2026-07-11,1
test-patient-0010,2026-07-18,0
test-patient-0010,2026-07-25,1
test-patient-0010,2026-08-01,2
test-patient-0010,2026-08-08,0
test-patient-0010,2026-08-15,1
test-patient-0011,2026-06-02,1
test-patient-0011,2026-06-09,0
test-patient-0011,2026-06-16,1
test-patient-0011,2026-06-23,0
test-patient-0011,2026-06-30,1
test-patient-0011,2026-07-07,0
test-patient-0011,2026-07-14,1
test-patient-0011,2026-07-21,0
test-patient-0011,2026-07-28,1
test-patient-0011,2026-08-04,0
test-patient-0011,2026-08-11,1
test-patient-0011,2026-08-18,0
test-patient-0012,2026-01-30,1
test-patient-0012,2026-02-06,0
test-patient-0012,2026-02-13,1
test-patient-0012,2026-02-20,2
test-patient-0012,2026-02-27,0
test-patient-0012,2026-03-06,1
test-patient-0012,2026-03-13,0
test-patient-0012,2026-03-20,1
test-patient-0012,2026-03-27,0
test-patient-0012,2026-04-03,1
test-patient-0012,2026-04-10,0
test-patient-0012,2026-04-17,1
test-patient-0013,2026-05-04,1
test-patient-0013,2026-05-11,0
test-patient-0013,2026-05-18,1
test-patient-0013,2026-05-25,0
test-patient-0013,2026-06-01,1
test-patient-0013,2026-06-08,0
test-patient-0013,2026-06-15,1
test-patient-0013,2026-06-22,0
test-patient-0013,2026-06-29,1
test-patient-0013,2026-07-06,0
test-patient-0013,2026-07-13,1
test-patient-0013,2026-07-20,0
test-patient-0014,2026-05-01,1
test-patient-0014,2026-05-08,0
test-patient-0014,2026-05-15,1
test-patient-0014,2026-05-22,0
test-patient-0014,2026-05-29,1
test-patient-0014,2026-06-05,0
test-patient-0014,2026-06-12,1
test-patient-0014,2026-06-19,0
test-patient-0014,2026-06-26,1
test-patient-0014,2026-07-03,0
test-patient-0014,2026-07-10,1
test-patient-0014,2026-07-17,0
test-patient-0015,2026-05-30,1
test-patient-0015,2026-06-06,0
test-patient-0015,2026-06-13,1
test-patient-0015,2026-06-20,0
test-patient-0015,2026-06-27,1
test-patient-0015,2026-07-04,0
test-patient-0015,2026-07-11,1
test-patient-0015,2026-07-18,2
test-patient-0015,2026-07-25,0
test-patient-0015,2026-08-01,1
test-patient-0015,2026-08-08,0
test-patient-0015,2026-08-15,1
test-patient-0016,2026-05-30,1
test-patient-0016,2026-06-06,0
test-patient-0016,2026-06-13,1
test-patient-0016,2026-06-20,0
test-patient-0016,2026-06-27,1
test-patient-0016,2026-07-04,0
test-patient-0016,2026-07-11,1
test-patient-0016,2026-07-18,0
test-patient-0016,2026-07-25,1
test-patient-0016,2026-08-01,0
test-patient-0016,2026-08-08,1
test-patient-0016,2026-08-15,0
test-patient-0017,2026-05-30,1
test-patient-0017,2026-06-06,0
test-patient-0017,2026-06-13,1
test-patient-0017,2026-06-20,0
test-patient-0017,2026-06-27,1
test-patient-0017,2026-07-04,0
test-patient-0017,2026-07-11,1
test-patient-0017,2026-07-18,0
test-patient-0017,2026-07-25,1
test-patient-0017,2026-08-01,0
test-patient-0017,2026-08-08,1
test-patient-0017,2026-08-15,0
test-patient-0018,2026-05-30,1
test-patient-0018,2026-06-06,0
test-patient-0018,2026-06-13,1
test-patient-0018,2026-06-20,0
test-patient-0018,2026-06-27,1
test-patient-0018,2026-07-04,0
test-patient-0018,2026-07-11,1
test-patient-0018,2026-07-18,0
test-patient-0018,2026-07-25,1
test-patient-0018,2026-08-01,0
test-patient-0018,2026-08-08,1
test-patient-0018,2026-08-15,0
test-patient-0019,2026-05-30,1
test-patient-0019,2026-06-06,0
test-patient-0019,2026-06-13,1
test-patient-0019,2026-06-20,0
test-patient-0019,2026-06-27,1
test-patient-0019,2026-07-04,0
test-patient-0019,2026-07-11,1
test-patient-0019,2026-07-18,0
test-patient-0019,2026-07-25,1
test-patient-0019,2026-08-01,0
test-patient-0019,2026-08-08,1
test-patient-0019,2026-08-15,0
test-patient-0020,2026-05-30,1
test-patient-0020,2026-06-06,0
test-patient-0020,2026-06-13,1
test-patient-0020,2026-06-20,0
test-patient-0020,2026-06-27,1
test-patient-0020,2026-07-04,0
test-patient-0020,2026-07-11,1
test-patient-0020,2026-07-18,0
test-patient-0020,2026-07-25,1
test-patient-0020,2026-08-01,0
test-patient-0020,2026-08-08,1
test-patient-0020,2026-08-15,0
test-patient-0021,2026-05-31,1
test-patient-0021,2026-06-07,0
test-patient-0021,2026-06-14,1
test-patient-0021,2026-06-21,2
test-patient-0021,2026-06-28,0
test-patient-0021,2026-07-05,1
test-patient-0021,2026-07-12,0
test-patient-0021,2026-07-19,1
test-patient-0021,2026-07-26,0
test-patient-0021,2026-08-02,1
test-patient-0021,2026-08-09,0
test-patient-0021,2026-08-16,1
test-patient-0022,2026-06-02,1
test-patient-0022,2026-06-09,2
test-patient-0022,2026-06-16,0
test-patient-0022,2026-06-23,1
test-patient-0022,2026-06-30,0
test-patient-0022,2026-07-07,1
test-patient-0022,2026-07-14,0
test-patient-0022,2026-07-21,1
test-patient-0022,2026-07-28,0
test-patient-0022,2026-08-04,1
test-patient-0022,2026-08-11,2
test-patient-0022,2026-08-18,0
test-patient-0023,2026-06-03,1
test-patient-0023,2026-06-10,0
test-patient-0023,2026-06-17,1
test-patient-0023,2026-06-24,0
test-patient-0023,2026-07-01,1
test-patient-0023,2026-07-08,0
test-patient-0023,2026-07-15,1
test-patient-0023,2026-07-22,0
test-patient-0023,2026-07-29,1
test-patient-0023,2026-08-05,2
test-patient-0023,2026-08-12,0
test-patient-0023,2026-08-19,1
test-patient-0024,2026-05-31,1
test-patient-0024,2026-06-07,0
test-patient-0024,2026-06-14,1
test-patient-0024,2026-06-21,0
test-patient-0024,2026-06-28,1
test-patient-0024,2026-07-05,0
test-patient-0024,2026-07-12,1
test-patient-0024,2026-07-19,2
test-patient-0024,2026-07-26,0
test-patient-0024,2026-08-02,1
test-patient-0024,2026-08-09,0
test-patient-0024,2026-08-16,1
test-patient-0025,2026-03-01,1
test-patient-0025,2026-03-08,0
test-patient-0025,2026-03-15,1
test-patient-0025,2026-03-22,2
test-patient-0025,2026-03-29,0
test-patient-0025,2026-04-05,1
test-patient-0025,2026-04-12,0
test-patient-0025,2026-04-19,1
test-patient-0025,2026-04-26,0
test-patient-0025,2026-05-03,1
test-patient-0025,2026-05-10,0
test-patient-0025,2026-05-17,1
test-patient-0026,2026-05-30,1
test-patient-0026,2026-06-06,0
test-patient-0026,2026-06-13,1
test-patient-0026,2026-06-20,0
test-patient-0026,2026-06-27,1
test-patient-0026,2026-07-04,0
test-patient-0026,2026-07-11,1
test-patient-0026,2026-07-18,0
test-patient-0026,2026-07-25,1
test-patient-0026,2026-08-01,0
test-patient-0026,2026-08-08,1
test-patient-0026,2026-08-15,0
test-patient-0027,2026-04-03,1
test-patient-0027,2026-04-10,2
test-patient-0027,2026-04-17,0
test-patient-0027,2026-04-24,1
test-patient-0027,2026-05-01,0
test-patient-0027,2026-05-08,1
test-patient-0027,2026-05-15,0
test-patient-0027,2026-05-22,1
test-patient-0027,2026-05-29,0
test-patient-0027,2026-06-05,1
test-patient-0027,2026-06-12,0
test-patient-0027,2026-06-19,1
test-patient-0028,2026-05-30,1
test-patient-0028,2026-06-06,0
test-patient-0028,2026-06-13,1
test-patient-0028,2026-06-20,0
test-patient-0028,2026-06-27,1
test-patient-0028,2026-07-04,0
test-patient-0028,2026-07-11,1
test-patient-0028,2026-07-18,0
test-patient-0028,2026-07-25,1
test-patient-0028,2026-08-01,0
test-patient-0028,2026-08-08,1
test-patient-0028,2026-08-15,0
test-patient-0029,2026-05-30,1
test-patient-0029,2026-06-06,0
test-patient-0029,2026-06-13,1
test-patient-0029,2026-06-20,0
test-patient-0029,2026-06-27,1
test-patient-0029,2026-07-04,0
test-patient-0029,2026-07-11,1
test-patient-0029,2026-07-18,2
test-patient-0029,2026-07-25,0
test-patient-0029,2026-08-01,1
test-patient-0029,2026-08-08,0
test-patient-0029,2026-08-15,1
test-patient-0030,2026-05-30,1
test-patient-0030,2026-06-06,0
test-patient-0030,2026-06-13,1
test-patient-0030,2026-06-20,0
test-patient-0030,2026-06-27,1
test-patient-0030,2026-07-04,0
test-patient-0030,2026-07-11,1
test-patient-0030,2026-07-18,0
test-patient-0030,2026-07-25,1
test-patient-0030,2026-08-01,0
test-patient-0030,2026-08-08,1
test-patient-0030,2026-08-15,0
test-patient-0031,2026-05-30,1
test-patient-0031,2026-06-06,0
test-patient-0031,2026-06-13,1
test-patient-0031,2026-06-20,0
test-patient-0031,2026-06-27,1
test-patient-0031,2026-07-04,0
test-patient-0031,2026-07-11,1
test-patient-0031,2026-07-18,0
test-patient-0031,2026-07-25,1
test-patient-0031,2026-08-01,0
test-patient-0031,2026-08-08,1
test-patient-0031,2026-08-15,0
test-patient-0032,2026-05-31,1
test-patient-0032,2026-06-07,0
test-patient-0032,2026-06-14,1
test-patient-0032,2026-06-21,0
test-patient-0032,2026-06-28,1
test-patient-0032,2026-07-05,0
test-patient-0032,2026-07-12,1
test-patient-0032,2026-07-19,0
test-patient-0032,2026-07-26,1
test-patient-0032,2026-08-02,0
test-patient-0032,2026-08-09,1
test-patient-0032,2026-08-16,0
test-patient-0033,2026-06-02,1
test-patient-0033,2026-06-09,2
test-patient-0033,2026-06-16,0
test-patient-0033,2026-06-23,1
test-patient-0033,2026-06-30,1
test-patient-0033,2026-07-07,0
test-patient-0033,2026-07-14,1
test-patient-0033,2026-07-21,0
test-patient-0033,2026-07-28,1
test-patient-0033,2026-08-04,0
test-patient-0033,2026-08-11,1
test-patient-0033,2026-08-18,0
test-patient-0034,2026-03-31,1
test-patient-0034,2026-04-07,0
test-patient-0034,2026-04-14,1
test-patient-0034,2026-04-21,0
test-patient-0034,2026-04-28,1
test-patient-0034,2026-05-05,0
test-patient-0034,2026-05-12,1
test-patient-0034,2026-05-19,0
test-patient-0034,2026-05-26,1
test-patient-0034,2026-06-02,0
test-patient-0034,2026-06-09,1
test-patient-0034,2026-06-16,0
test-patient-0035,2026-06-02,1
test-patient-0035,2026-06-09,0
test-patient-0035,2026-06-16,1
test-patient-0035,2026-06-23,0
test-patient-0035,2026-06-30,1
test-patient-0035,2026-07-07,0
test-patient-0035,2026-07-14,1
test-patient-0035,2026-07-21,0
test-patient-0035,2026-07-28,1
test-patient-0035,2026-08-04,2
test-patient-0035,2026-08-11,0
test-patient-0035,2026-08-18,1
test-patient-0036,2026-06-01,1
test-patient-0036,2026-06-08,0
test-patient-0036,2026-06-15,1
test-patient-0036,2026-06-22,0
test-patient-0036,2026-06-29,1
test-patient-0036,2026-07-06,0
test-patient-0036,2026-07-13,1
test-patient-0036,2026-07-20,0
test-patient-0036,2026-07-27,1
test-patient-0036,2026-08-03,0
test-patient-0036,2026-08-10,1
test-patient-0036,2026-08-17,0
test-patient-0037,2026-05-30,1
test-patient-0037,2026-06-06,0
test-patient-0037,2026-06-13,1
test-patient-0037,2026-06-20,0
test-patient-0037,2026-06-27,1
test-patient-0037,2026-07-04,0
test-patient-0037,2026-07-11,1
test-patient-0037,2026-07-18,0
test-patient-0037,2026-07-25,1
test-patient-0037,2026-08-01,0
test-patient-0037,2026-08-08,1
test-patient-0037,2026-08-15,0
test-patient-0038,2026-05-30,1
test-patient-0038,2026-06-06,0
test-patient-0038,2026-06-13,1
test-patient-0038,2026-06-20,0
test-patient-0038,2026-06-27,1
test-patient-0038,2026-07-04,0
test-patient-0038,2026-07-11,1
test-patient-0038,2026-07-18,0
test-patient-0038,2026-07-25,1
test-patient-0038,2026-08-01,0
test-patient-0038,2026-08-08,1
test-patient-0038,2026-08-15,0
test-patient-0040,2026-05-30,1
test-patient-0040,2026-06-06,2
test-patient-0040,2026-06-13,0
test-patient-0040,2026-06-20,1
test-patient-0040,2026-06-27,0
test-patient-0040,2026-07-04,1
test-patient-0040,2026-07-11,0
test-patient-0040,2026-07-18,1
test-patient-0040,2026-07-25,0
test-patient-0040,2026-08-01,1
test-patient-0040,2026-08-08,0
test-patient-0040,2026-08-15,1
test-patient-0041,2026-05-30,1
test-patient-0041,2026-06-06,0
test-patient-0041,2026-06-13,1
test-patient-0041,2026-06-20,0
test-patient-0041,2026-06-27,1
test-patient-0041,2026-07-04,0
test-patient-0041,2026-07-11,1
test-patient-0041,2026-07-18,0
test-patient-0041,2026-07-25,1
test-patient-0041,2026-08-01,0
test-patient-0041,2026-08-08,1
test-patient-0041,2026-08-15,0
test-patient-0042,2026-06-02,1
test-patient-0042,2026-06-09,0
test-patient-0042,2026-06-16,1
test-patient-0042,2026-06-23,0
test-patient-0042,2026-06-30,1
test-patient-0042,2026-07-07,0
test-patient-0042,2026-07-14,1
test-patient-0042,2026-07-21,0
test-patient-0042,2026-07-28,1
test-patient-0042,2026-08-04,0
test-patient-0042,2026-08-11,1
test-patient-0042,2026-08-18,0
test-patient-0043,2026-06-03,1
test-patient-0043,2026-06-10,0
test-patient-0043,2026-06-17,1
test-patient-0043,2026-06-24,0
test-patient-0043,2026-07-01,1
test-patient-0043,2026-07-08,0
test-patient-0043,2026-07-15,1
test-patient-0043,2026-07-22,2
test-patient-0043,2026-07-29,0
test-patient-0043,2026-08-05,1
test-patient-0043,2026-08-12,0
test-patient-0043,2026-08-19,1
test-patient-0044,2026-06-01,1
test-patient-0044,2026-06-08,0
test-patient-0044,2026-06-15,1
test-patient-0044,2026-06-22,0
test-patient-0044,2026-06-29,1
test-patient-0044,2026-07-06,0
test-patient-0044,2026-07-13,1
test-patient-0044,2026-07-20,0
test-patient-0044,2026-07-27,1
test-patient-0044,2026-08-03,0
test-patient-0044,2026-08-10,1
test-patient-0044,2026-08-17,0
test-patient-0046,2026-05-30,1
test-patient-0046,2026-06-06,0
test-patient-0046,2026-06-13,1
test-patient-0046,2026-06-20,0
test-patient-0046,2026-06-27,1
test-patient-0046,2026-07-04,0
test-patient-0046,2026-07-11,1
test-patient-0046,2026-07-18,0
test-patient-0046,2026-07-25,1
test-patient-0046,2026-08-01,0
test-patient-0046,2026-08-08,1
test-patient-0046,2026-08-15,0
test-patient-0047,2026-06-02,1
test-patient-0047,2026-06-09,2
test-patient-0047,2026-06-16,0
test-patient-0047,2026-06-23,1
test-patient-0047,2026-06-30,0
test-patient-0047,2026-07-07,1
test-patient-0047,2026-07-14,0
test-patient-0047,2026-07-21,1
test-patient-0047,2026-07-28,0
test-patient-0047,2026-08-04,1
test-patient-0047,2026-08-11,0
test-patient-0047,2026-08-18,1
test-patient-0048,2026-05-30,1
test-patient-0048,2026-06-06,0
test-patient-0048,2026-06-13,1
test-patient-0048,2026-06-20,0
test-patient-0048,2026-06-27,1
test-patient-0048,2026-07-04,0
test-patient-0048,2026-07-11,1
test-patient-0048,2026-07-18,0
test-patient-0048,2026-07-25,1
test-patient-0048,2026-08-01,2
test-patient-0048,2026-08-08,0
test-patient-0048,2026-08-15,1
test-patient-0049,2026-05-30,1
test-patient-0049,2026-06-06,0
test-patient-0049,2026-06-13,1
test-patient-0049,2026-06-20,0
test-patient-0049,2026-06-27,1
test-patient-0049,2026-07-04,0
test-patient-0049,2026-07-11,1
test-patient-0049,2026-07-18,0
test-patient-0049,2026-07-25,1
test-patient-0049,2026-08-01,0
test-patient-0049,2026-08-08,1
test-patient-0049,2026-08-15,0
